{"cameraMode":{"drawMode":0,"name":"Shaded","section":"Shading Mode"},"sceneLighting":false,"audioPlay":false,"sceneViewState":{"m_AlwaysRefresh":false,"showFog":true,"showSkybox":false,"showFlares":true,"showImageEffects":true,"showParticleSystems":true,"showVisualEffectGraphs":true,"m_FxEnabled":true},"in2DMode":false,"pivot":{"x":-1.4190212488174439,"y":1.4227548837661744,"z":-1.2168190479278565},"rotation":{"x":0.19230644404888154,"y":0.053140684962272647,"z":-0.010426601395010949,"w":0.9798800945281982},"size":3.570714235305786,"orthographic":false}