{"cameraMode":{"drawMode":0,"name":"Shaded","section":"Shading Mode"},"sceneLighting":false,"audioPlay":false,"sceneViewState":{"m_AlwaysRefresh":false,"showFog":true,"showSkybox":false,"showFlares":true,"showImageEffects":true,"showParticleSystems":true,"showVisualEffectGraphs":true,"m_FxEnabled":true},"in2DMode":false,"pivot":{"x":2.619999885559082,"y":2.615000009536743,"z":-1.440000295639038},"rotation":{"x":0.22487133741378785,"y":-0.005234197713434696,"z":0.0012120812898501754,"w":0.9744003415107727},"size":1.5107948780059815,"orthographic":false}