{"cameraMode":{"drawMode":0,"name":"Shaded","section":"Shading Mode"},"sceneLighting":false,"audioPlay":false,"sceneViewState":{"m_AlwaysRefresh":false,"showFog":true,"showSkybox":false,"showFlares":true,"showImageEffects":true,"showParticleSystems":true,"showVisualEffectGraphs":true,"m_FxEnabled":true},"in2DMode":false,"pivot":{"x":0.27482157945632937,"y":0.05180145800113678,"z":0.5636725425720215},"rotation":{"x":0.07685567438602448,"y":0.6561121344566345,"z":-0.06724175065755844,"w":0.747782289981842},"size":0.06116189807653427,"orthographic":false}