{"cameraMode":{"drawMode":0,"name":"Shaded","section":"Shading Mode"},"sceneLighting":false,"audioPlay":false,"sceneViewState":{"m_AlwaysRefresh":false,"showFog":true,"showSkybox":false,"showFlares":true,"showImageEffects":true,"showParticleSystems":true,"showVisualEffectGraphs":true,"m_FxEnabled":true},"in2DMode":false,"pivot":{"x":48.723114013671878,"y":5.182635307312012,"z":-4.273253917694092},"rotation":{"x":-0.005316611845046282,"y":0.991263747215271,"z":-0.12436020374298096,"w":-0.042382143437862399},"size":4.7421674728393559,"orthographic":false}