{"cameraMode":{"drawMode":0,"name":"Shaded","section":"Shading Mode"},"sceneLighting":false,"audioPlay":false,"sceneViewState":{"m_AlwaysRefresh":false,"showFog":false,"showSkybox":false,"showFlares":false,"showImageEffects":false,"showParticleSystems":false,"showVisualEffectGraphs":true,"m_FxEnabled":true},"in2DMode":false,"pivot":{"x":0.9025859832763672,"y":14.787787437438965,"z":3.0819778442382814},"rotation":{"x":-0.0017005004920065404,"y":0.9806520342826843,"z":-0.1955326646566391,"w":-0.008530361577868462},"size":25.7288818359375,"orthographic":false}