{"cameraMode":{"drawMode":0,"name":"Shaded","section":"Shading Mode"},"sceneLighting":true,"audioPlay":false,"sceneViewState":{"m_AlwaysRefresh":false,"showFog":true,"showSkybox":true,"showFlares":true,"showImageEffects":true,"showParticleSystems":true,"showVisualEffectGraphs":true,"m_FxEnabled":true},"in2DMode":false,"pivot":{"x":-148.00552368164063,"y":55.43368911743164,"z":-14.368906021118164},"rotation":{"x":-0.18522164225578309,"y":-0.008041322231292725,"z":0.0014120771083980799,"w":-0.9826155304908752},"size":16.044967651367189,"orthographic":false}