{"cameraMode":{"drawMode":0,"name":"Shaded","section":"Shading Mode"},"sceneLighting":true,"audioPlay":false,"sceneViewState":{"m_AlwaysRefresh":false,"showFog":true,"showSkybox":true,"showFlares":true,"showImageEffects":true,"showParticleSystems":true,"showVisualEffectGraphs":true,"m_FxEnabled":true},"in2DMode":false,"pivot":{"x":82.00643920898438,"y":-30.950454711914064,"z":47.188079833984378},"rotation":{"x":-0.33941060304641726,"y":-0.05049697682261467,"z":0.01824765093624592,"w":-0.9391115307807922},"size":319.7542724609375,"orthographic":false}