{"cameraMode":{"drawMode":0,"name":"Shaded","section":"Shading Mode"},"sceneLighting":false,"audioPlay":false,"sceneViewState":{"m_AlwaysRefresh":false,"showFog":true,"showSkybox":true,"showFlares":true,"showImageEffects":true,"showParticleSystems":true,"showVisualEffectGraphs":true,"m_FxEnabled":true},"in2DMode":false,"pivot":{"x":-890.1389770507813,"y":13.612001419067383,"z":-1808.278076171875},"rotation":{"x":0.0543765127658844,"y":0.03269548341631889,"z":0.0014200209407135845,"w":0.9981077313423157},"size":11.781025886535645,"orthographic":false}