{"cameraMode":{"drawMode":0,"name":"Shaded","section":"Shading Mode"},"sceneLighting":false,"audioPlay":false,"sceneViewState":{"m_AlwaysRefresh":false,"showFog":true,"showSkybox":true,"showFlares":true,"showImageEffects":true,"showParticleSystems":true,"showVisualEffectGraphs":true,"m_FxEnabled":true},"in2DMode":false,"pivot":{"x":-6.142786026000977,"y":0.32466748356819155,"z":-142.17221069335938},"rotation":{"x":0.1689641773700714,"y":-0.012313565239310265,"z":0.0054842340759932999,"w":0.9856280088424683},"size":18.027755737304689,"orthographic":false}