{"cameraMode":{"drawMode":0,"name":"Shaded","section":"Shading Mode"},"sceneLighting":true,"audioPlay":false,"sceneViewState":{"m_AlwaysRefresh":false,"showFog":true,"showSkybox":true,"showFlares":true,"showImageEffects":true,"showParticleSystems":true,"showVisualEffectGraphs":true,"m_FxEnabled":true},"in2DMode":false,"pivot":{"x":6.798632621765137,"y":11.691944122314454,"z":-182.31822204589845},"rotation":{"x":-0.058189064264297488,"y":-0.1975136548280716,"z":0.008775020018219948,"w":-0.9783706665039063},"size":7.464636325836182,"orthographic":false}