{"cameraMode":{"drawMode":0,"name":"Shaded","section":"Shading Mode"},"sceneLighting":false,"audioPlay":false,"sceneViewState":{"m_AlwaysRefresh":false,"showFog":true,"showSkybox":true,"showFlares":true,"showImageEffects":true,"showParticleSystems":true,"showVisualEffectGraphs":true,"m_FxEnabled":true},"in2DMode":false,"pivot":{"x":150.99591064453126,"y":228.41806030273438,"z":-36.772186279296878},"rotation":{"x":-0.16807816922664643,"y":0.08439552038908005,"z":-0.017657781019806863,"w":-0.9818320870399475},"size":119.91694641113281,"orthographic":false}