{"cameraMode":{"drawMode":0,"name":"Shaded","section":"Shading Mode"},"sceneLighting":false,"audioPlay":false,"sceneViewState":{"m_AlwaysRefresh":false,"showFog":true,"showSkybox":true,"showFlares":true,"showImageEffects":true,"showParticleSystems":true,"showVisualEffectGraphs":true,"m_FxEnabled":true},"in2DMode":false,"pivot":{"x":-883.5604858398438,"y":8.704066276550293,"z":-1819.7325439453125},"rotation":{"x":0.01758667640388012,"y":0.9764503836631775,"z":-0.06862245500087738,"w":0.20436438918113709},"size":11.781025886535645,"orthographic":false}