{"cameraMode":{"drawMode":0,"name":"Shaded","section":"Shading Mode"},"sceneLighting":true,"audioPlay":false,"sceneViewState":{"m_AlwaysRefresh":false,"showFog":true,"showSkybox":true,"showFlares":true,"showImageEffects":true,"showParticleSystems":true,"showVisualEffectGraphs":true,"m_FxEnabled":true},"in2DMode":false,"pivot":{"x":12.944551467895508,"y":2.6648929119110109,"z":-3.81007719039917},"rotation":{"x":0.22487133741378785,"y":-0.005234197713434696,"z":0.0012120812898501754,"w":0.9744003415107727},"size":5.750389575958252,"orthographic":false}