{"cameraMode":{"drawMode":0,"name":"Shaded","section":"Shading Mode"},"sceneLighting":true,"audioPlay":false,"sceneViewState":{"m_AlwaysRefresh":false,"showFog":true,"showSkybox":true,"showFlares":true,"showImageEffects":true,"showParticleSystems":true,"showVisualEffectGraphs":true,"m_FxEnabled":true},"in2DMode":false,"pivot":{"x":0.1090473085641861,"y":21.667449951171876,"z":152.4308624267578},"rotation":{"x":0.028723295778036119,"y":-0.024630611762404443,"z":0.003880295902490616,"w":0.9991411566734314},"size":56.94070053100586,"orthographic":false}