{"cameraMode":{"drawMode":0,"name":"Shaded","section":"Shading Mode"},"sceneLighting":true,"audioPlay":false,"sceneViewState":{"m_AlwaysRefresh":false,"showFog":true,"showSkybox":true,"showFlares":true,"showImageEffects":true,"showParticleSystems":true,"showVisualEffectGraphs":true,"m_FxEnabled":true},"in2DMode":false,"pivot":{"x":-8.803449630737305,"y":33.608978271484378,"z":-66.22442626953125},"rotation":{"x":0.06924757361412049,"y":0.01259639486670494,"z":-0.000869342009536922,"w":0.9975263476371765},"size":25.431964874267579,"orthographic":false}