{"cameraMode":{"drawMode":0,"name":"Shaded","section":"Shading Mode"},"sceneLighting":false,"audioPlay":false,"sceneViewState":{"m_AlwaysRefresh":false,"showFog":true,"showSkybox":true,"showFlares":true,"showImageEffects":true,"showParticleSystems":true,"showVisualEffectGraphs":true,"m_FxEnabled":true},"in2DMode":false,"pivot":{"x":11.522221565246582,"y":7.036530494689941,"z":3.083381175994873},"rotation":{"x":0.08311614394187927,"y":0.252261221408844,"z":0.018422381952404977,"w":-0.9638727903366089},"size":10.133170127868653,"orthographic":false}