{"cameraMode":{"drawMode":0,"name":"Shaded","section":"Shading Mode"},"sceneLighting":false,"audioPlay":false,"sceneViewState":{"m_AlwaysRefresh":false,"showFog":true,"showSkybox":true,"showFlares":true,"showImageEffects":true,"showParticleSystems":true,"showVisualEffectGraphs":true,"m_FxEnabled":true},"in2DMode":false,"pivot":{"x":21.768869400024415,"y":5.279369354248047,"z":-16.183631896972658},"rotation":{"x":0.058424413204193118,"y":-0.06992699205875397,"z":0.007165797054767609,"w":0.995754599571228},"size":1.2247449159622193,"orthographic":false}