{"cameraMode":{"drawMode":0,"name":"Shaded","section":"Shading Mode"},"sceneLighting":false,"audioPlay":false,"sceneViewState":{"m_AlwaysRefresh":false,"showFog":true,"showSkybox":true,"showFlares":true,"showImageEffects":true,"showParticleSystems":true,"showVisualEffectGraphs":true,"m_FxEnabled":true},"in2DMode":false,"pivot":{"x":-886.4710693359375,"y":11.211846351623536,"z":-1820.271484375},"rotation":{"x":0.25096920132637026,"y":-0.028039226308465005,"z":0.0072770449332892899,"w":0.9675063490867615},"size":13.318729400634766,"orthographic":false}