{"cameraMode":{"drawMode":0,"name":"Shaded","section":"Shading Mode"},"sceneLighting":false,"audioPlay":false,"sceneViewState":{"m_AlwaysRefresh":false,"showFog":true,"showSkybox":true,"showFlares":true,"showImageEffects":true,"showParticleSystems":true,"showVisualEffectGraphs":true,"m_FxEnabled":true},"in2DMode":false,"pivot":{"x":-929.9271850585938,"y":16.179332733154298,"z":-1913.4815673828125},"rotation":{"x":0.0003575636073946953,"y":-0.9803380966186523,"z":0.0017745645018294454,"w":0.1973017007112503},"size":56.951759338378909,"orthographic":false}