{"cameraMode":{"drawMode":0,"name":"Shaded","section":"Shading Mode"},"sceneLighting":false,"audioPlay":false,"sceneViewState":{"m_AlwaysRefresh":false,"showFog":true,"showSkybox":true,"showFlares":true,"showImageEffects":true,"showParticleSystems":true,"showVisualEffectGraphs":true,"m_FxEnabled":true},"in2DMode":false,"pivot":{"x":-9.025732040405274,"y":0.5050914883613586,"z":-125.56846618652344},"rotation":{"x":-0.07965167611837387,"y":0.04355742782354355,"z":-0.00341105367988348,"w":-0.9959028363227844},"size":25.980775833129884,"orthographic":false}