{"cameraMode":{"drawMode":0,"name":"Shaded","section":"Shading Mode"},"sceneLighting":false,"audioPlay":false,"sceneViewState":{"m_AlwaysRefresh":false,"showFog":true,"showSkybox":true,"showFlares":true,"showImageEffects":true,"showParticleSystems":true,"showVisualEffectGraphs":true,"m_FxEnabled":true},"in2DMode":false,"pivot":{"x":-894.7456665039063,"y":13.162627220153809,"z":-1803.3521728515625},"rotation":{"x":-0.2654036283493042,"y":-0.035456229001283649,"z":0.009705053642392159,"w":-0.9634965658187866},"size":4.881054401397705,"orthographic":false}