{"cameraMode":{"drawMode":0,"name":"Shaded","section":"Shading Mode"},"sceneLighting":false,"audioPlay":false,"sceneViewState":{"m_AlwaysRefresh":false,"showFog":true,"showSkybox":true,"showFlares":true,"showImageEffects":true,"showParticleSystems":true,"showVisualEffectGraphs":true,"m_FxEnabled":true},"in2DMode":false,"pivot":{"x":-755.4265747070313,"y":9.873739242553711,"z":-1829.1011962890625},"rotation":{"x":-0.0032819851767271759,"y":-0.09565319120883942,"z":0.0004120163794141263,"w":-0.9954463839530945},"size":0.8660253882408142,"orthographic":false}