{"cameraMode":{"drawMode":0,"name":"Shaded","section":"Shading Mode"},"sceneLighting":true,"audioPlay":false,"sceneViewState":{"m_AlwaysRefresh":false,"showFog":true,"showSkybox":true,"showFlares":true,"showImageEffects":true,"showParticleSystems":true,"showVisualEffectGraphs":true,"m_FxEnabled":true},"in2DMode":false,"pivot":{"x":1.6715786457061768,"y":-11.81870174407959,"z":19.785415649414064},"rotation":{"x":-0.3072377145290375,"y":-0.010850918479263783,"z":0.0035034979227930309,"w":-0.9515649080276489},"size":14.2210054397583,"orthographic":false}