{"cameraMode":{"drawMode":0,"name":"Shaded","section":"Shading Mode"},"sceneLighting":false,"audioPlay":false,"sceneViewState":{"m_AlwaysRefresh":false,"showFog":true,"showSkybox":true,"showFlares":true,"showImageEffects":true,"showParticleSystems":true,"showVisualEffectGraphs":true,"m_FxEnabled":true},"in2DMode":false,"pivot":{"x":-754.4559326171875,"y":10.112646102905274,"z":-1828.701416015625},"rotation":{"x":0.0056648049503564838,"y":0.08559942990541458,"z":0.0005833799950778484,"w":-0.9963505864143372},"size":2.666025161743164,"orthographic":false}