{"cameraMode":{"drawMode":0,"name":"Shaded","section":"Shading Mode"},"sceneLighting":false,"audioPlay":false,"sceneViewState":{"m_AlwaysRefresh":false,"showFog":true,"showSkybox":true,"showFlares":true,"showImageEffects":true,"showParticleSystems":true,"showVisualEffectGraphs":true,"m_FxEnabled":true},"in2DMode":false,"pivot":{"x":-887.1768798828125,"y":4.597689151763916,"z":-1818.1390380859375},"rotation":{"x":-0.00796559639275074,"y":0.9432198405265808,"z":-0.022959617897868158,"w":-0.33118683099746706},"size":24.862598419189454,"orthographic":false}