{"cameraMode":{"drawMode":0,"name":"Shaded","section":"Shading Mode"},"sceneLighting":false,"audioPlay":false,"sceneViewState":{"m_AlwaysRefresh":false,"showFog":true,"showSkybox":true,"showFlares":true,"showImageEffects":true,"showParticleSystems":true,"showVisualEffectGraphs":true,"m_FxEnabled":true},"in2DMode":false,"pivot":{"x":-210.03565979003907,"y":0.9573703408241272,"z":-196.4077911376953},"rotation":{"x":-0.01437516137957573,"y":0.9835677742958069,"z":-0.09053151309490204,"w":-0.15584053099155427},"size":18.027755737304689,"orthographic":false}