{"cameraMode":{"drawMode":0,"name":"Shaded","section":"Shading Mode"},"sceneLighting":false,"audioPlay":false,"sceneViewState":{"m_AlwaysRefresh":false,"showFog":true,"showSkybox":false,"showFlares":true,"showImageEffects":true,"showParticleSystems":true,"showVisualEffectGraphs":true,"m_FxEnabled":true},"in2DMode":false,"pivot":{"x":-0.6976598501205444,"y":1.7656311988830567,"z":0.04874240234494209},"rotation":{"x":0.0033068133052438499,"y":-0.5828379392623901,"z":-0.002611786825582385,"w":-0.8126955628395081},"size":2.017839193344116,"orthographic":false}