{"cameraMode":{"drawMode":0,"name":"Shaded","section":"Shading Mode"},"sceneLighting":true,"audioPlay":false,"sceneViewState":{"m_AlwaysRefresh":false,"showFog":true,"showSkybox":false,"showFlares":true,"showImageEffects":true,"showParticleSystems":true,"showVisualEffectGraphs":true,"m_FxEnabled":true},"in2DMode":false,"pivot":{"x":-0.9375963807106018,"y":3.0822885036468508,"z":0.26537594199180605},"rotation":{"x":0.23120054602622987,"y":0.6735274791717529,"z":-0.2354467362165451,"w":0.6613370776176453},"size":0.6152323484420776,"orthographic":false}