{"cameraMode":{"drawMode":0,"name":"Shaded","section":"Shading Mode"},"sceneLighting":false,"audioPlay":false,"sceneViewState":{"m_AlwaysRefresh":false,"showFog":true,"showSkybox":false,"showFlares":true,"showImageEffects":true,"showParticleSystems":true,"showVisualEffectGraphs":true,"m_FxEnabled":true},"in2DMode":false,"pivot":{"x":-0.25542202591896059,"y":0.3729838728904724,"z":-0.5595837235450745},"rotation":{"x":0.07695645093917847,"y":0.6549897193908691,"z":-0.06712639331817627,"w":0.7487656474113464},"size":0.2073330581188202,"orthographic":false}