{"cameraMode":{"drawMode":0,"name":"Shaded","section":"Shading Mode"},"sceneLighting":false,"audioPlay":false,"sceneViewState":{"m_AlwaysRefresh":false,"showFog":true,"showSkybox":false,"showFlares":true,"showImageEffects":true,"showParticleSystems":true,"showVisualEffectGraphs":true,"m_FxEnabled":true},"in2DMode":false,"pivot":{"x":4.606714248657227,"y":-3.7968873977661135,"z":-49.360557556152347},"rotation":{"x":0.039075762033462527,"y":-0.09277193993330002,"z":0.004194601904600859,"w":0.9948495626449585},"size":5.454949378967285,"orthographic":false}