{"cameraMode":{"drawMode":0,"name":"Shaded","section":"Shading Mode"},"sceneLighting":false,"audioPlay":false,"sceneViewState":{"m_AlwaysRefresh":false,"showFog":false,"showSkybox":false,"showFlares":false,"showImageEffects":false,"showParticleSystems":false,"showVisualEffectGraphs":true,"m_FxEnabled":true},"in2DMode":false,"pivot":{"x":2.2548532485961916,"y":15.603877067565918,"z":38.9310188293457},"rotation":{"x":0.0009696916677057743,"y":0.9994204640388489,"z":0.023710288107395173,"w":0.01998814381659031},"size":0.8660253882408142,"orthographic":false}