{"cameraMode":{"drawMode":0,"name":"Shaded","section":"Shading Mode"},"sceneLighting":false,"audioPlay":false,"sceneViewState":{"m_AlwaysRefresh":false,"showFog":false,"showSkybox":false,"showFlares":false,"showImageEffects":false,"showParticleSystems":false,"showVisualEffectGraphs":true,"m_FxEnabled":true},"in2DMode":false,"pivot":{"x":0.004883464425802231,"y":0.15235820412635804,"z":0.044635385274887088},"rotation":{"x":0.005585363134741783,"y":0.9925477504730225,"z":-0.1154121682047844,"w":0.03604690358042717},"size":0.21943864226341248,"orthographic":false}