{"cameraMode":{"drawMode":0,"name":"Shaded","section":"Shading Mode"},"sceneLighting":false,"audioPlay":false,"sceneViewState":{"m_AlwaysRefresh":false,"showFog":true,"showSkybox":false,"showFlares":true,"showImageEffects":true,"showParticleSystems":true,"showVisualEffectGraphs":true,"m_FxEnabled":true},"in2DMode":false,"pivot":{"x":5.027675151824951,"y":-3.9924862384796144,"z":-49.307273864746097},"rotation":{"x":-0.0018910641083493829,"y":0.9701677560806274,"z":-0.24236628413200379,"w":-0.007598694413900375},"size":5.754949569702148,"orthographic":false}