{"cameraMode":{"drawMode":0,"name":"Shaded","section":"Shading Mode"},"sceneLighting":false,"audioPlay":false,"sceneViewState":{"m_AlwaysRefresh":false,"showFog":true,"showSkybox":false,"showFlares":true,"showImageEffects":true,"showParticleSystems":true,"showVisualEffectGraphs":true,"m_FxEnabled":true},"in2DMode":false,"pivot":{"x":4.637872695922852,"y":-3.5807173252105715,"z":3.990079402923584},"rotation":{"x":-0.0034005555789917709,"y":0.5814323425292969,"z":0.0024577639997005464,"w":0.8135214447975159},"size":10.320878982543946,"orthographic":false}