{"cameraMode":{"drawMode":0,"name":"Shaded","section":"Shading Mode"},"sceneLighting":false,"audioPlay":false,"sceneViewState":{"m_AlwaysRefresh":false,"showFog":true,"showSkybox":false,"showFlares":true,"showImageEffects":true,"showParticleSystems":true,"showVisualEffectGraphs":true,"m_FxEnabled":true},"in2DMode":false,"pivot":{"x":-16.659677505493165,"y":-25.69399070739746,"z":0.9214625954627991},"rotation":{"x":0.017948314547538759,"y":-0.4217323958873749,"z":0.008364729583263398,"w":0.906446099281311},"size":5.885082721710205,"orthographic":false}