{"cameraMode":{"drawMode":0,"name":"Shaded","section":"Shading Mode"},"sceneLighting":false,"audioPlay":false,"sceneViewState":{"m_AlwaysRefresh":false,"showFog":true,"showSkybox":false,"showFlares":true,"showImageEffects":true,"showParticleSystems":true,"showVisualEffectGraphs":true,"m_FxEnabled":true},"in2DMode":false,"pivot":{"x":0.6707866191864014,"y":1.506891131401062,"z":-0.502474308013916},"rotation":{"x":0.00532781146466732,"y":0.3943675458431244,"z":0.002062763087451458,"w":-0.9190375208854675},"size":2.2637903690338136,"orthographic":false}