{"cameraMode":{"drawMode":0,"name":"Shaded","section":"Shading Mode"},"sceneLighting":false,"audioPlay":false,"sceneViewState":{"m_AlwaysRefresh":false,"showFog":true,"showSkybox":false,"showFlares":true,"showImageEffects":true,"showParticleSystems":true,"showVisualEffectGraphs":true,"m_FxEnabled":true},"in2DMode":false,"pivot":{"x":-2.182793378829956,"y":-2.459029197692871,"z":3.6986448764801027},"rotation":{"x":0.05188575014472008,"y":0.42361491918563845,"z":-0.024226803332567216,"w":0.9040714502334595},"size":3.1324143409729006,"orthographic":false}