{"cameraMode":{"drawMode":0,"name":"Shaded","section":"Shading Mode"},"sceneLighting":true,"audioPlay":false,"sceneViewState":{"m_AlwaysRefresh":false,"showFog":true,"showSkybox":true,"showFlares":true,"showImageEffects":true,"showParticleSystems":true,"showVisualEffectGraphs":true,"m_FxEnabled":true},"in2DMode":false,"pivot":{"x":11.492002487182618,"y":-0.29882097244262698,"z":1.8655743598937989},"rotation":{"x":0.25561419129371645,"y":-0.35658979415893557,"z":0.10317517071962357,"w":0.8925027847290039},"size":5.111262321472168,"orthographic":false}