{"cameraMode":{"drawMode":0,"name":"Shaded","section":"Shading Mode"},"sceneLighting":true,"audioPlay":false,"sceneViewState":{"m_AlwaysRefresh":false,"showFog":true,"showSkybox":true,"showFlares":true,"showImageEffects":true,"showParticleSystems":true,"showVisualEffectGraphs":true,"m_FxEnabled":true},"in2DMode":false,"pivot":{"x":-0.48170018196105959,"y":0.4193301200866699,"z":0.5119888782501221},"rotation":{"x":0.2668975591659546,"y":0.29206568002700808,"z":-0.08464287966489792,"w":0.9144276976585388},"size":1.5177948474884034,"orthographic":false}