{"cameraMode":{"drawMode":0,"name":"Shaded","section":"Shading Mode"},"sceneLighting":true,"audioPlay":false,"sceneViewState":{"m_AlwaysRefresh":false,"showFog":true,"showSkybox":true,"showFlares":true,"showImageEffects":true,"showParticleSystems":true,"showVisualEffectGraphs":true,"m_FxEnabled":true},"in2DMode":false,"pivot":{"x":512.1862182617188,"y":101.13641357421875,"z":859.0714111328125},"rotation":{"x":0.007570379879325628,"y":0.9447317719459534,"z":-0.32706326246261599,"w":0.017672022804617883},"size":579.3701782226563,"orthographic":false}