{"cameraMode":{"drawMode":0,"name":"Shaded","section":"Shading Mode"},"sceneLighting":false,"audioPlay":false,"sceneViewState":{"m_AlwaysRefresh":false,"showFog":true,"showSkybox":true,"showFlares":true,"showImageEffects":true,"showParticleSystems":true,"showVisualEffectGraphs":true,"m_FxEnabled":true},"in2DMode":false,"pivot":{"x":23.0877685546875,"y":-6.841464996337891,"z":1.1269588470458985},"rotation":{"x":0.5156233310699463,"y":-0.0019249427132308484,"z":0.002941318554803729,"w":0.8566795587539673},"size":30.525074005126954,"orthographic":false}