{"cameraMode":{"drawMode":0,"name":"Shaded","section":"Shading Mode"},"sceneLighting":true,"audioPlay":false,"sceneViewState":{"m_AlwaysRefresh":false,"showFog":true,"showSkybox":true,"showFlares":true,"showImageEffects":true,"showParticleSystems":true,"showVisualEffectGraphs":true,"m_FxEnabled":true},"in2DMode":false,"pivot":{"x":-10.584830284118653,"y":2.2789487838745119,"z":5.256385803222656},"rotation":{"x":0.19195233285427094,"y":0.0824253261089325,"z":-0.015623370185494423,"w":0.9777508974075317},"size":19.703006744384767,"orthographic":false}